{"averageTrainLoss": [18.519979971426505, 14.251753524497703, 13.474456504539207, 13.002567220617223, 12.289369812718144, 11.252753964176884, 10.30585405561659, 9.284985860188803, 8.193947297555429, 7.091367942315561, 6.209732002682156, 5.599815810168231, 5.139833132425944, 4.774659324575354, 4.449253338354605, 4.228120940702933, 3.999880486064487, 3.8108699630807945, 3.679560210969713, 3.538364613497699, 3.402151032730385, 3.2954200726968272, 3.1962884355474404, 3.104824432620296, 3.031034738929183, 2.9180798486427024, 2.8418388190092863, 2.7789778356198913, 2.720484111044142, 2.6651524746859514, 2.6068121415597423, 2.5712155059531883, 2.5032214367831194, 2.4714585454375655, 2.427125612894694, 2.3660275715368764, 2.3396436947363393, 2.283169313713356, 2.2636738883124456, 2.229667164661266, 2.1810334192381964, 2.144539689576184, 2.122384680642022, 2.101618448893229, 2.065534309104637, 2.049717739776329, 1.9947377619919953, 1.9773640720932573, 1.945957433294367, 1.9097859351723283, 1.902504806165342, 1.8809949270001165, 1.8518496994619016, 1.8521491554048326, 1.812922974427541, 1.791654560301039, 1.7658351946760107, 1.742669736897504, 1.724794990486569, 1.706439565729212, 1.6863081852595012, 1.6693164021880538, 1.651453779803382, 1.6499518707946494, 1.6170684651092246, 1.5984253662603873, 1.581277984159964, 1.562380834862038, 1.5484911821506642, 1.5493840818051938, 1.5084904653054696, 1.4964851450037073, 1.4904881561243977, 1.4646910671834592, 1.4547556219277558, 1.4377216299374898, 1.43133768108156, 1.4123103419939678, 1.398351377911038, 1.3781421846813626, 1.3591420672557972, 1.3712860367916249, 1.3472741290375039, 1.32926638479586], "charErrorRates": [1.0, 1.0, 0.9340600667408231, 0.9272080088987764, 0.9263626251390433, 0.9208898776418243, 0.8759065628476085, 0.7921690767519466, 0.6298553948832035, 0.5246718576195774, 0.48769744160177975, 0.37815350389321467, 0.3278309232480534, 0.30015572858731926, 0.27546162402669633, 0.2621134593993326, 0.24387096774193548, 0.25406006674082315, 0.23225806451612904, 0.22402669632925473, 0.21979977753058955, 0.21170189098998887, 0.20097886540600668, 0.1982202447163515, 0.19190211345939934, 0.18847608453837597, 0.18157953281423805, 0.17721913236929923, 0.17882091212458287, 0.17397107897664071, 0.17094549499443826, 0.17090100111234705, 0.17406006674082314, 0.1642714126807564, 0.16169076751946607, 0.16044493882091213, 0.15764182424916573, 0.15368186874304784, 0.15203559510567297, 0.1507007786429366, 0.15470522803114573, 0.15096774193548387, 0.15630700778642936, 0.14798665183537263, 0.1478976640711902, 0.14313681868743047, 0.14553948832035596, 0.13962180200222468, 0.1406451612903226, 0.13962180200222468, 0.13868743047830923, 0.1360622914349277, 0.13988876529477196, 0.14024471635150168, 0.13726362625139044, 0.14598442714126808, 0.13303670745272525, 0.13147942157953282, 0.1307230255839822, 0.13388209121245828, 0.13374860956618465, 0.12867630700778643, 0.133615127919911, 0.13054505005561734, 0.12996662958843158, 0.1274749721913237, 0.12921023359288097, 0.1282313681868743, 0.13063403781979976, 0.1278754171301446, 0.12596218020022246, 0.12840934371523915, 0.1296996662958843, 0.1239154616240267, 0.12444938820912124, 0.13018909899888764, 0.1257397107897664, 0.12347052280311457, 0.12186874304783092, 0.12387096774193548, 0.13165739710789767, 0.12734149054505006, 0.12311457174638488, 0.12658509454949946], "wordAccuracies": [0.0, 0.0, 0.03520638224072147, 0.002774887270204648, 0.05497745404092959, 0.06711758584807492, 0.09833506763787721, 0.13961151578217135, 0.17984738120013874, 0.24419007977800902, 0.2573707943114811, 0.34443288241415193, 0.4011446409989594, 0.4321886923343739, 0.46080471730835937, 0.480922650017343, 0.5, 0.48595213319458896, 0.5216788067984738, 0.5324314949705168, 0.5388484217828651, 0.5450919181408256, 0.5655567117585848, 0.5645161290322581, 0.5822060353798127, 0.5822060353798127, 0.6002428026361429, 0.6016302462712453, 0.6023239680887964, 0.6130766562608394, 0.6113423517169615, 0.6127297953520638, 0.614290669441554, 0.628338536246965, 0.625043357613597, 0.6378772112382934, 0.6323274366978842, 0.6432535553243149, 0.6472424557752341, 0.6494970516822755, 0.6416926812348248, 0.6505376344086021, 0.6361429066944155, 0.6507110648629899, 0.6607700312174818, 0.6628511966701353, 0.6533125216788068, 0.6701352757544224, 0.6649323621227887, 0.6722164412070759, 0.6703087062088102, 0.6801942421089143, 0.6696149843912591, 0.668921262573708, 0.6718695802983004, 0.660596600763094, 0.6836628511966701, 0.684530003468609, 0.6897329171002428, 0.6847034339229969, 0.6847034339229969, 0.6897329171002428, 0.6810613943808532, 0.6873048907388137, 0.6878251821019771, 0.6947624002774887, 0.6911203607353451, 0.692854665279223, 0.6892126257370794, 0.6959764134582033, 0.6971904266389178, 0.6918140825528963, 0.6892126257370794, 0.7039542143600416, 0.6977107180020812, 0.686264308012487, 0.6971904266389178, 0.700312174817898, 0.7029136316337149, 0.701179327089837, 0.6826222684703434, 0.693721817551162, 0.7046479361775928, 0.6963232743669788]}