{"averageTrainLoss": [17.881994874510045, 13.859197107079911, 13.222541482481239, 12.577249631489792, 11.491934658729868, 10.218887355229626, 8.836816715867553, 7.416034809530598, 6.35564698911693, 5.607546747547307, 5.045215861438072, 4.610038025738442, 4.282088171945859, 4.008258708535808, 3.7920003786478955, 3.6099829281846136, 3.4364809532688088, 3.3090015829425967, 3.18335322811179, 3.054613567378423, 2.957657673587538, 2.868249099548549, 2.7992100487016653, 2.728321813557246, 2.6336773780927265, 2.5881569908089834, 2.517619397542248, 2.459192743040111, 2.39283171418595, 2.3552674365370243, 2.30199066416858, 2.247268124802472, 2.217192319974507, 2.1886698056573737, 2.131160104111449, 2.106735294812346, 2.05997508356016, 2.0307997514123786, 1.9933209141639814, 1.953280600782943, 1.9393225679658863, 1.900490017786418, 1.8782965745011422, 1.8506786872262824, 1.8216714891668868, 1.789097594888243, 1.754364309245593, 1.7431700882846362, 1.7151992255694246, 1.6900401213397718, 1.673137031189383, 1.6466381876435998, 1.627086342197575, 1.6119944624704858, 1.591736333010948, 1.564392916143757, 1.553416763266472, 1.5329956093879595, 1.5148468523809355, 1.4889718669734588, 1.4726084568729139, 1.4606896426579723, 1.4369938863466865, 1.4244975406829625, 1.4007338024165532, 1.3916619901787746, 1.382813381822142, 1.362914699397675, 1.33792284090225, 1.325267349203972, 1.3232176630464318, 1.2911956816503447, 1.280839005561724, 1.2794696811127335, 1.2518880514249409, 1.2454083243461505, 1.231304554090108], "charErrorRates": [1.0, 0.9595105672969967, 0.9199110122358176, 0.9376195773081202, 0.9192880978865406, 0.8504115684093437, 0.745139043381535, 0.6722135706340379, 0.4981979977753059, 0.3692547274749722, 0.3356173526140156, 0.2623359288097887, 0.24373748609566184, 0.2135706340378198, 0.19804226918798665, 0.1975083426028921, 0.17276974416017798, 0.16689655172413792, 0.16404894327030034, 0.1684983314794216, 0.15150166852057842, 0.1385984427141268, 0.13681868743047831, 0.13730812013348165, 0.1350389321468298, 0.1406896551724138, 0.13664071190211347, 0.12956618464961067, 0.12453837597330367, 0.12088987764182425, 0.11666295884315907, 0.11737486095661846, 0.1163959955506118, 0.11830923248053393, 0.1214238042269188, 0.12449388209121245, 0.12093437152391547, 0.10865406006674082, 0.11203559510567297, 0.10634037819799777, 0.10945494994438265, 0.10602892102335928, 0.11021134593993326, 0.10433815350389321, 0.10665183537263627, 0.10433815350389321, 0.10669632925472748, 0.09664071190211346, 0.1014460511679644, 0.10113459399332592, 0.10122358175750834, 0.10304783092324805, 0.10309232480533927, 0.10420467185761957, 0.10100111234705228, 0.09543937708565073, 0.09494994438264738, 0.10055617352614016, 0.10042269187986652, 0.0978420467185762, 0.09317018909899889, 0.09081201334816463, 0.09379310344827586, 0.09695216907675194, 0.09530589543937709, 0.09299221357063404, 0.09272525027808676, 0.10122358175750834, 0.09499443826473859, 0.09454949944382647, 0.09690767519466073, 0.09744160177975528, 0.09646273637374861, 0.0967741935483871, 0.09383759733036708, 0.0939265850945495, 0.09245828698553948], "wordAccuracies": [0.0, 0.04994797086368366, 0.001734304543877905, 0.049427679500520294, 0.06451612903225806, 0.10596600763094, 0.14915019077349984, 0.19805757891085674, 0.3539715574054804, 0.47728061047519943, 0.5211585154353104, 0.6087408949011447, 0.6326742976066597, 0.670482136663198, 0.6873048907388137, 0.6805411030176899, 0.7160943461671869, 0.7212972597988206, 0.7292750607006591, 0.7242455775234131, 0.7433229275060701, 0.7650017343045439, 0.7681234824835241, 0.7601456815816857, 0.7651751647589317, 0.7615331252167881, 0.7674297606659729, 0.7807839056538328, 0.7830385015608741, 0.7852930974679153, 0.793097467915366, 0.7943114810960805, 0.7948317724592439, 0.7927506070065904, 0.785639958376691, 0.7863336801942421, 0.788935137010059, 0.8073187651751648, 0.8040235865417967, 0.8158168574401665, 0.8045438779049601, 0.8083593479014916, 0.8028095733610822, 0.8087062088102671, 0.8040235865417967, 0.8111342351716961, 0.812868539715574, 0.8191120360735346, 0.8151231356226153, 0.8166840097121054, 0.8175511619840444, 0.8144294138050642, 0.813735691987513, 0.8085327783558793, 0.8152965660770031, 0.8244883801595561, 0.8260492542490462, 0.8168574401664932, 0.8175511619840444, 0.8217134928893514, 0.8283038501560874, 0.8289975719736385, 0.8288241415192508, 0.8248352410683316, 0.8260492542490462, 0.8296912937911898, 0.829517863336802, 0.8132154006243496, 0.8231009365244537, 0.8274366978841484, 0.820326049254249, 0.8198057578910857, 0.8270898369753729, 0.8231009365244537, 0.8258758237946583, 0.8288241415192508, 0.8258758237946583]}