{"averageTrainLoss": [19.072933073397035, 14.285057791957149, 13.561229387919107, 13.05504599323979, 12.389444633766457, 11.322790251837837, 10.248227649264866, 9.23227647498802, 8.200670357103702, 7.207953797446357, 6.403832391456321, 5.7910849076730235, 5.321939486044425, 4.933505817695901, 4.623408432360049, 4.357862163473059, 4.155362155702379, 3.9626181302247225, 3.7734423257686474, 3.6515986124674478, 3.5065538397541753, 3.3864720971496016, 3.289826348975853, 3.201904115853486, 3.102753992433901, 3.0248746077219644, 2.9491902457343206, 2.866463546399717, 2.8139762613508434, 2.7398724026150174, 2.6953255203035145, 2.6348969671461315, 2.582868147779394, 2.5323502311000117, 2.484851320584615, 2.4424668418036566, 2.392762479958711, 2.3637442147290266, 2.323037103370384, 2.2955753759101585, 2.252058603145458, 2.213551300543326, 2.180438174141778, 2.1436131088821977, 2.1033942257916487, 2.0791739048781217, 2.072500354713864, 2.0457156587530068, 2.0035118372352034, 1.9765839400114837, 1.9458318683836195, 1.9362399202805978, 1.9133688984093842, 1.8864308330747817, 1.8733179282259058, 1.8415627854841727, 1.808084578425796, 1.7995740042792425, 1.7841025568820812, 1.764438803549166, 1.7354861012211553, 1.709972165249012, 1.7050774936322812, 1.6776380229879309, 1.6649564813684534, 1.637951742719721, 1.6257860042430736, 1.6162346071667142, 1.5858187366414953, 1.5762952389540497, 1.5614299774169922, 1.5306913411175762, 1.5198045902782016, 1.5027501472720393, 1.497318047064322, 1.4857305773982294, 1.4607641873536286], "charErrorRates": [1.0, 0.9997775305895439, 0.9274304783092325, 0.9489655172413793, 0.9321913236929922, 0.9051390433815351, 0.865539488320356, 0.7598220244716352, 0.6946829810901001, 0.5223581757508342, 0.46763070077864294, 0.41713014460511677, 0.32422691879866516, 0.30491657397107896, 0.2799110122358176, 0.260111234705228, 0.2503670745272525, 0.23016685205784204, 0.23942157953281423, 0.22300333704115685, 0.21041156840934372, 0.20124582869855395, 0.203559510567297, 0.18816462736373749, 0.18878754171301446, 0.185761957730812, 0.18086763070077863, 0.17655172413793102, 0.17686318131256953, 0.17512791991101223, 0.17410456062291435, 0.16636262513904337, 0.16769744160177977, 0.163559510567297, 0.16369299221357064, 0.15862068965517243, 0.15706340378197997, 0.15870967741935485, 0.15737486095661846, 0.15635150166852058, 0.14651835372636263, 0.15016685205784205, 0.14629588431590657, 0.14780867630700778, 0.14095661846496108, 0.14206896551724138, 0.14576195773081202, 0.14242491657397108, 0.14389321468298108, 0.13775305895439377, 0.1370856507230256, 0.14238042269187987, 0.13882091212458286, 0.1350389321468298, 0.13517241379310344, 0.13477196885428253, 0.13726362625139044, 0.13690767519466074, 0.13241379310344828, 0.130055617352614, 0.13343715239154616, 0.13147942157953282, 0.1364182424916574, 0.1335706340378198, 0.12885428253615128, 0.13793103448275862, 0.12680756395995552, 0.12453837597330367, 0.13027808676307007, 0.1278754171301446, 0.12493882091212458, 0.12422691879866518, 0.12943270300333704, 0.12907675194660734, 0.12440489432703003, 0.12462736373748609, 0.12849833147942158], "wordAccuracies": [0.0, 0.0, 0.0, 0.051508844953173774, 0.050121401318071454, 0.07336108220603538, 0.07318765175164758, 0.13406174124176207, 0.14117238987166147, 0.2240721470690253, 0.2721123829344433, 0.31633714880332986, 0.404786680541103, 0.4216094346167187, 0.45855012140131807, 0.48508498092265, 0.48976760319112034, 0.5145681581685744, 0.5036420395421436, 0.5310440513354145, 0.5464793617759278, 0.5603537981269511, 0.5645161290322581, 0.5801248699271592, 0.5860215053763441, 0.5894901144640999, 0.5995490808185917, 0.600936524453694, 0.600936524453694, 0.6089143253555325, 0.6080471730835935, 0.6212278876170656, 0.6177592785293098, 0.6302462712452307, 0.6246964967048214, 0.634928893513701, 0.6318071453347208, 0.6335414498785987, 0.6380506416926812, 0.634928893513701, 0.6527922303156434, 0.6468955948664585, 0.6557405480402358, 0.6557405480402358, 0.6659729448491155, 0.6619840443981964, 0.6586888657648283, 0.6604231703087062, 0.6609434616718696, 0.6685744016649323, 0.6678806798473812, 0.6590357266736039, 0.6690946930280958, 0.6749913284772806, 0.6736038848421783, 0.6732570239334027, 0.6692681234824835, 0.66562608394034, 0.6817551161984045, 0.6878251821019771, 0.6800208116545265, 0.6822754075615678, 0.6744710371141173, 0.6781130766562609, 0.6893860561914672, 0.6699618453000347, 0.6949358307318765, 0.6971904266389178, 0.6841831425598335, 0.6850502948317725, 0.6980575789108567, 0.6994450225459591, 0.6869580298300382, 0.6847034339229969, 0.6984044398196323, 0.6966701352757544, 0.6888657648283039]}